Date|Ticker|Headline|
45987|AAPL|Apple (AAPL) Valuation: Exploring If Recent Share Momentum Reflects Future Growth Potential|
45974|AAPL|Is Apple Stock Set to Soar After Promising Consumer Sentiment? iPhone 17 Preorder Sales Break Records|
45964|AAPL|Apple Inc. (AAPL) is Attracting Investor Attention: Earnings Estimates Revised Upward|
45989|AAPL|Is Now the Right Moment for Apple Stock as AI Momentum Lifts Shares 13.8% in 2025?|
45989|AAPL|Apple Bull Case: Projected Revenue Growth of 7.02% Driven by Ecosystem Expansion and AI Features (Fair Value $281.07)|
45989|AAPL|Apple Bear Case: P/E Ratio Above Market Average and Margin Pressure Raise Concerns (Fair Value $177.34)|
"45987|AAPL|Apple's Price-to-Earnings Ratio Sits at 36.5x, Higher Than Tech Industry's 22.2x|"
45974|AAPL|Apple's Stock Surges to All-Time High of $285 on October 30; Primed To Break Record During Holiday Season|
45974|AAPL|iPhone 17 Air Model Faces Market Skepticism Despite Being Thinnest iPhone Ever|
"45964|AAPL|Zacks Consensus Sales Estimate for AAPL's Current Quarter is $134.2 Billion, Up 8% Year-over-Year|"
"45975|GME|GameStop Stock (GME) Makes A New 52-Week Low At $20.41, Extends Year-to-Date Decline to 32.68%|"
45988|GME|Does GameStop's Latest Price Drop Signal a Shift for 2025 Investors? Stock Undervalued by 37.5% per DCF|
"45988|GME|GameStop Bull Case: Strong Q1 2025 Profit Rebound, Zero Long-Term Debt, and Significant Cash Position Fuel Optimism (Fair Value $120.00)|"
45988|GME|GameStop Bear Case: Declining Brick-and-Mortar Sales and Tough Digital Competition Persist (Fair Value $11.91)|
45975|GME|GameStop's Bitcoin Investments Funded by Convertible Debt Trigger Investor Skepticism and Stock Drop|
45975|GME|Insider Selling Activity in October by General Counsel and Insider Daniel William Moore Further Erodes Confidence in GME|
"45975|GME|Wedbush Downgrades GameStop to a “Strong Sell” Rating, Setting Consensus Price Target at $13.50|"
"45971|MA|Wall Street Ups Mastercard's Earnings View (2025 EPS Projected at $16.41), But Valuation Concerns Linger|"
45974|MA|A Closer Look at Mastercard's (MA) Valuation After Recent Gains; Analysts Suggest 14.3% Undervalued (Fair Value $654.98)|
45988|MA|Is Most-Watched Stock Mastercard Incorporated (MA) Worth Betting on Now? Zacks Rank #3 (Hold)|
"45971|MA|Mastercard Trades Below Average Analyst Price Target of $658.65, Implying 19% Potential Upside|"
"45971|MA|Mastercard's Value-Added Services Revenues Surge 21.4% in 2025's First Three Quarters, Driving Diversification|"
45988|MA|Consensus Sales Estimate for MA's Current Quarter of $8.74 Billion Points to a 16.8% Year-over-Year Change|
45971|MA|Mastercard Faces Rising Costs and Regulatory Pressures Despite Strong Global Transaction Growth|
45974|MA|Mastercard's Price-to-Earnings Ratio of 35.4x is Significantly Higher Than Industry Average of 13.3x|
45971|MSFT|Microsoft Stock Rises 17.9% YTD on Cloud Strength: Azure Growth Above 30%|
45984|MSFT|Is Microsoft's AI Ambitions Making Its Stock a Bargain in 2025? DCF Suggests 22.4% Undervalued|
45987|MSFT|Microsoft Stock Drops 5% in 2 Days Due to Soaring AI Infrastructure Costs and Internal Disputes|
"45971|MSFT|Microsoft's AI Business Surpasses $13 Billion Annual Revenue Run Rate, Marking 175% Year-over-Year Growth|"
45984|MSFT|Microsoft Bear Case: Warns of Significant Headwinds Including Shrinking PC Market and Struggling Gaming Division (Fair Value $423.14)|
"45987|MSFT|Insider Selling: President Brad Smith Sold 30,000+ Shares (~$16M), Raising Investor Concerns|"
45987|MSFT|Microsoft Disclosed a New AI-Related Security Vulnerability (“Whisper Leak”) Last Week|
45971|MSFT|Management Acknowledges Azure will Remain Capacity-Constrained Through at Least End of Fiscal Year|
45984|MSFT|Microsoft Bull Case: Sees Aggressive AI Integration Driving Adoption and Enterprise Monetization (Fair Value $500.00)|
45987|MSFT|Deeper Ties with Nvidia and Investments in Anthropic Signal Commitment to AI Leadership for MSFT|
45990|NVDA|Nvidia Publicly Responds to 'Losing' $250 Billion Market Cap to Potential Google/Meta AI Chip Deal|
45989|NVDA|Nvidia Stock Dips in November (Down 10%) as Investors Reassess AI Valuations and Watch Competitive Moves|
45968|NVDA|Big News Is Coming for Nvidia Investors on Nov. 19; Company Expected to Post $54 Billion Revenue|
45990|NVDA|Nvidia Declares Itself 'A Generation Ahead of the Industry' Following Meta-Google Deal Reports|
"45968|NVDA|Nvidia Stock is Up 1,230% Over the Past Three Years; First Stock to Reach $5 Trillion in Value|"
"45989|NVDA|Mizuho Reiterates Outperform Rating for Nvidia, Citing Resilient Demand for Graphics Processing Units|"
"45989|NVDA|Analysts’ Average Target Price for NVDA is $250.57, Implying a 39.01% Upside from Current Price|"
45968|NVDA|Nvidia Signed a Deal with Oracle and U.S. Department of Energy to Build a Supercomputer|
45968|NVDA|AI Market Opportunity Expected to Increase at a Compound Annual Growth Rate of 23% Through 2030|
45968|NVDA|Nvidia Tends to Beat Wall Street's Earnings-Per-Share (EPS) Expectations|
45985|V|IRS Finalizes 1% Excise Tax Rules on Stock Buybacks by Publicly Traded Corporations|
45985|V|Final IRS Regulations on Stock Buyback Tax Narrow Applicability to Corporations in Acquisitive Reorganizations|
45985|V|New Tax Rule Excludes Take-Private Transactions and Many Leveraged Buyouts from Stock Repurchase Excise Tax|
45985|V|IRS Withdraws 'Funding Rule' that Would Have Impacted Foreign Corporation Affiliates for Stock Buyback Tax|
"45982|V|Information Technology and Communication Services Stocks, Led by AI-Related Companies, Topped S&P 500 Performance in 2025|"
45982|V|Financials Sector Reached a New All-Time High in September 2025|
45982|V|Resumption of Fed Rate Cuts and Positive Economic Data Benefited Mid- and Small-Cap Stocks|
45964|V|S&P 500 Profits on Track to Rise About 11% Year-over-Year; Earnings Growth Expected to Drive Stock Prices in 2026|
45964|V|Economic Resilience Continued in 2025 with Growth Holding Firm and Recession Calls Fading|
"45964|V|AI and Tech Innovation Wave, Sparked by ChatGPT, Continues to Fuel Rally in Tech-Heavy Nasdaq|"
45658|AAPL|faces increased regulatory attention over new business moves|
45659|AAPL|AAPL reports quarterly earnings exceeding Wall Street expectations|
45660|AAPL|AAPL expands global operations with new partnerships|
45661|AAPL|stock experiences volatility amid shifting market sentiment|
45662|AAPL|Invests in AI and automation for nextâ€‘generation innovation|
45658|GME|invests in AI and automation for nextâ€‘generation innovation|
45659|GME|reports quarterly earnings exceeding Wall Street expectations|
45660|GME|expands global operations with new partnerships|
45661|GME|faces increased regulatory attention over new business moves|
45658|MA|announces major product expansion to strengthen market share|
45659|MA|reports quarterly earnings exceeding Wall Street expectations|
45660|MA|signs strategic alliance with key industry leaders|
45661|MA|stock experiences volatility amid shifting market sentiment|
45662|MA|expands global operations with new partnerships|
45662|MSFT|expands global operations with new partnerships|
45663|MSFT|signs strategic alliance with key industry leaders|
45664|MSFT|faces increased regulatory attention over new business moves|
45665|MSFT|stock experiences volatility amid shifting market sentiment|
45666|MSFT|reports quarterly earnings exceeding Wall Street expectations|
45667|MSFT|announces major product expansion to strengthen market share|
45658|NVDA|faces increased regulatory attention over new business moves|
45659|NVDA|announces major product expansion to strengthen market share|
45660|NVDA|invests in AI and automation for nextâ€‘generation innovation|
45661|NVDA|stock experiences volatility amid shifting market sentiment|
45662|NVDA|expands global operations with new partnerships|
45663|NVDA|stock experiences volatility amid shifting market sentiment|
45659|V|signs strategic alliance with key industry leaders|
45660|V|stock experiences volatility amid shifting market sentiment|
45661|V|invests in AI and automation for nextâ€‘generation innovation|
45662|V|expands global operations with new partnerships|
45663|V|reports quarterly earnings exceeding Wall Street expectations|
